cpa,yr_id,name,population,,,
,2020,Under 5,77432,,,https://opendata.sandag.org/Census/2020-Census-Population-by-Age-by-Community-Plannin/8ntt-6y6t/data_preview
,2020,5 to 9,88088,,,
,2020,10 to 14,94849,,,
,2020,15 to 17,56839,,,
,2020,18 and 19,36456,,,
,2020,20 to 24,95038,,,
,2020,25 to 29,96119,,,
,2020,30 to 34,96377,,,
,2020,35 to 39,97045,,,
,2020,40 to 44,90618,,,
,2020,45 to 49,88753,,,
,2020,50 to 54,88587,,,
,2020,55 to 59,90244,,,
,2020,60 and 61,35463,,,
,2020,62 to 64,49108,,,
,2020,65 to 69,69814,,,
,2020,70 to 74,55396,,,
,2020,75 to 79,35989,,,
,2020,80 to 84,24317,,,
,2020,85 and Older,28352,,,
32nd Street Naval Station,2020,Under 5,7,,,
32nd Street Naval Station,2020,5 to 9,7,,,
32nd Street Naval Station,2020,10 to 14,4,,,
32nd Street Naval Station,2020,15 to 17,20,,,
32nd Street Naval Station,2020,18 and 19,780,,,
32nd Street Naval Station,2020,20 to 24,3024,,,
32nd Street Naval Station,2020,25 to 29,1068,,,
32nd Street Naval Station,2020,30 to 34,471,,,
32nd Street Naval Station,2020,35 to 39,248,,,
32nd Street Naval Station,2020,40 to 44,99,,,
32nd Street Naval Station,2020,45 to 49,43,,,
32nd Street Naval Station,2020,50 to 54,10,,,
32nd Street Naval Station,2020,55 to 59,3,,,
32nd Street Naval Station,2020,60 and 61,0,,,
32nd Street Naval Station,2020,62 to 64,2,,,
32nd Street Naval Station,2020,65 to 69,0,,,
32nd Street Naval Station,2020,70 to 74,0,,,
32nd Street Naval Station,2020,75 to 79,0,,,
32nd Street Naval Station,2020,80 to 84,0,,,
32nd Street Naval Station,2020,85 and Older,0,,,
Alpine,2020,Under 5,962,,,
Alpine,2020,5 to 9,1131,,,
Alpine,2020,10 to 14,1148,,,
Alpine,2020,15 to 17,654,,,
Alpine,2020,18 and 19,410,,,
Alpine,2020,20 to 24,912,,,
Alpine,2020,25 to 29,906,,,
Alpine,2020,30 to 34,1096,,,
Alpine,2020,35 to 39,1142,,,
Alpine,2020,40 to 44,1031,,,
Alpine,2020,45 to 49,1105,,,
Alpine,2020,50 to 54,1190,,,
Alpine,2020,55 to 59,1431,,,
Alpine,2020,60 and 61,624,,,
Alpine,2020,62 to 64,876,,,
Alpine,2020,65 to 69,1150,,,
Alpine,2020,70 to 74,1009,,,
Alpine,2020,75 to 79,677,,,
Alpine,2020,80 to 84,340,,,
Alpine,2020,85 and Older,309,,,
Balboa Park,2020,Under 5,32,,,
Balboa Park,2020,5 to 9,12,,,
Balboa Park,2020,10 to 14,12,,,
Balboa Park,2020,15 to 17,12,,,
Balboa Park,2020,18 and 19,65,,,
Balboa Park,2020,20 to 24,247,,,
Balboa Park,2020,25 to 29,79,,,
Balboa Park,2020,30 to 34,25,,,
Balboa Park,2020,35 to 39,34,,,
Balboa Park,2020,40 to 44,12,,,
Balboa Park,2020,45 to 49,10,,,
Balboa Park,2020,50 to 54,8,,,
Balboa Park,2020,55 to 59,33,,,
Balboa Park,2020,60 and 61,9,,,
Balboa Park,2020,62 to 64,10,,,
Balboa Park,2020,65 to 69,8,,,
Balboa Park,2020,70 to 74,0,,,
Balboa Park,2020,75 to 79,4,,,
Balboa Park,2020,80 to 84,2,,,
Balboa Park,2020,85 and Older,0,,,
Barona,2020,Under 5,44,,,
Barona,2020,5 to 9,61,,,
Barona,2020,10 to 14,79,,,
Barona,2020,15 to 17,58,,,
Barona,2020,18 and 19,20,,,
Barona,2020,20 to 24,51,,,
Barona,2020,25 to 29,45,,,
Barona,2020,30 to 34,44,,,
Barona,2020,35 to 39,47,,,
Barona,2020,40 to 44,63,,,
Barona,2020,45 to 49,48,,,
Barona,2020,50 to 54,44,,,
Barona,2020,55 to 59,45,,,
Barona,2020,60 and 61,21,,,
Barona,2020,62 to 64,21,,,
Barona,2020,65 to 69,35,,,
Barona,2020,70 to 74,14,,,
Barona,2020,75 to 79,8,,,
Barona,2020,80 to 84,7,,,
Barona,2020,85 and Older,7,,,
Barrio Logan,2020,Under 5,225,,,
Barrio Logan,2020,5 to 9,300,,,
Barrio Logan,2020,10 to 14,370,,,
Barrio Logan,2020,15 to 17,233,,,
Barrio Logan,2020,18 and 19,162,,,
Barrio Logan,2020,20 to 24,372,,,
Barrio Logan,2020,25 to 29,363,,,
Barrio Logan,2020,30 to 34,368,,,
Barrio Logan,2020,35 to 39,340,,,
Barrio Logan,2020,40 to 44,266,,,
Barrio Logan,2020,45 to 49,231,,,
Barrio Logan,2020,50 to 54,243,,,
Barrio Logan,2020,55 to 59,190,,,
Barrio Logan,2020,60 and 61,75,,,
Barrio Logan,2020,62 to 64,84,,,
Barrio Logan,2020,65 to 69,124,,,
Barrio Logan,2020,70 to 74,112,,,
Barrio Logan,2020,75 to 79,55,,,
Barrio Logan,2020,80 to 84,34,,,
Barrio Logan,2020,85 and Older,36,,,
Black Mountain Ranch,2020,Under 5,1130,,,
Black Mountain Ranch,2020,5 to 9,1635,,,
Black Mountain Ranch,2020,10 to 14,1632,,,
Black Mountain Ranch,2020,15 to 17,914,,,
Black Mountain Ranch,2020,18 and 19,338,,,
Black Mountain Ranch,2020,20 to 24,546,,,
Black Mountain Ranch,2020,25 to 29,362,,,
Black Mountain Ranch,2020,30 to 34,665,,,
Black Mountain Ranch,2020,35 to 39,1221,,,
Black Mountain Ranch,2020,40 to 44,1653,,,
Black Mountain Ranch,2020,45 to 49,1489,,,
Black Mountain Ranch,2020,50 to 54,1043,,,
Black Mountain Ranch,2020,55 to 59,864,,,
Black Mountain Ranch,2020,60 and 61,267,,,
Black Mountain Ranch,2020,62 to 64,370,,,
Black Mountain Ranch,2020,65 to 69,572,,,
Black Mountain Ranch,2020,70 to 74,506,,,
Black Mountain Ranch,2020,75 to 79,322,,,
Black Mountain Ranch,2020,80 to 84,156,,,
Black Mountain Ranch,2020,85 and Older,152,,,
Bonsall,2020,Under 5,534,,,
Bonsall,2020,5 to 9,568,,,
Bonsall,2020,10 to 14,623,,,
Bonsall,2020,15 to 17,380,,,
Bonsall,2020,18 and 19,253,,,
Bonsall,2020,20 to 24,540,,,
Bonsall,2020,25 to 29,649,,,
Bonsall,2020,30 to 34,711,,,
Bonsall,2020,35 to 39,621,,,
Bonsall,2020,40 to 44,584,,,
Bonsall,2020,45 to 49,585,,,
Bonsall,2020,50 to 54,686,,,
Bonsall,2020,55 to 59,853,,,
Bonsall,2020,60 and 61,375,,,
Bonsall,2020,62 to 64,534,,,
Bonsall,2020,65 to 69,821,,,
Bonsall,2020,70 to 74,675,,,
Bonsall,2020,75 to 79,517,,,
Bonsall,2020,80 to 84,334,,,
Bonsall,2020,85 and Older,386,,,
Carmel Mountain Ranch,2020,Under 5,727,,,
Carmel Mountain Ranch,2020,5 to 9,715,,,
Carmel Mountain Ranch,2020,10 to 14,749,,,
Carmel Mountain Ranch,2020,15 to 17,441,,,
Carmel Mountain Ranch,2020,18 and 19,294,,,
Carmel Mountain Ranch,2020,20 to 24,729,,,
Carmel Mountain Ranch,2020,25 to 29,892,,,
Carmel Mountain Ranch,2020,30 to 34,1007,,,
Carmel Mountain Ranch,2020,35 to 39,1042,,,
Carmel Mountain Ranch,2020,40 to 44,1009,,,
Carmel Mountain Ranch,2020,45 to 49,996,,,
Carmel Mountain Ranch,2020,50 to 54,893,,,
Carmel Mountain Ranch,2020,55 to 59,912,,,
Carmel Mountain Ranch,2020,60 and 61,337,,,
Carmel Mountain Ranch,2020,62 to 64,445,,,
Carmel Mountain Ranch,2020,65 to 69,568,,,
Carmel Mountain Ranch,2020,70 to 74,439,,,
Carmel Mountain Ranch,2020,75 to 79,248,,,
Carmel Mountain Ranch,2020,80 to 84,152,,,
Carmel Mountain Ranch,2020,85 and Older,157,,,
Carmel Valley,2020,Under 5,1639,,,
Carmel Valley,2020,5 to 9,2495,,,
Carmel Valley,2020,10 to 14,3161,,,
Carmel Valley,2020,15 to 17,1937,,,
Carmel Valley,2020,18 and 19,991,,,
Carmel Valley,2020,20 to 24,1751,,,
Carmel Valley,2020,25 to 29,1601,,,
Carmel Valley,2020,30 to 34,1793,,,
Carmel Valley,2020,35 to 39,2267,,,
Carmel Valley,2020,40 to 44,2876,,,
Carmel Valley,2020,45 to 49,3339,,,
Carmel Valley,2020,50 to 54,3220,,,
Carmel Valley,2020,55 to 59,2846,,,
Carmel Valley,2020,60 and 61,1065,,,
Carmel Valley,2020,62 to 64,1317,,,
Carmel Valley,2020,65 to 69,1790,,,
Carmel Valley,2020,70 to 74,1231,,,
Carmel Valley,2020,75 to 79,783,,,
Carmel Valley,2020,80 to 84,414,,,
Carmel Valley,2020,85 and Older,428,,,
Central Mountain,2020,Under 5,207,,,
Central Mountain,2020,5 to 9,264,,,
Central Mountain,2020,10 to 14,229,,,
Central Mountain,2020,15 to 17,157,,,
Central Mountain,2020,18 and 19,76,,,
Central Mountain,2020,20 to 24,203,,,
Central Mountain,2020,25 to 29,198,,,
Central Mountain,2020,30 to 34,256,,,
Central Mountain,2020,35 to 39,276,,,
Central Mountain,2020,40 to 44,231,,,
Central Mountain,2020,45 to 49,277,,,
Central Mountain,2020,50 to 54,253,,,
Central Mountain,2020,55 to 59,411,,,
Central Mountain,2020,60 and 61,184,,,
Central Mountain,2020,62 to 64,282,,,
Central Mountain,2020,65 to 69,453,,,
Central Mountain,2020,70 to 74,345,,,
Central Mountain,2020,75 to 79,183,,,
Central Mountain,2020,80 to 84,92,,,
Central Mountain,2020,85 and Older,71,,,
Clairemont Mesa,2020,Under 5,4032,,,
Clairemont Mesa,2020,5 to 9,3874,,,
Clairemont Mesa,2020,10 to 14,3592,,,
Clairemont Mesa,2020,15 to 17,2208,,,
Clairemont Mesa,2020,18 and 19,1351,,,
Clairemont Mesa,2020,20 to 24,5086,,,
Clairemont Mesa,2020,25 to 29,6497,,,
Clairemont Mesa,2020,30 to 34,6455,,,
Clairemont Mesa,2020,35 to 39,6149,,,
Clairemont Mesa,2020,40 to 44,5346,,,
Clairemont Mesa,2020,45 to 49,4792,,,
Clairemont Mesa,2020,50 to 54,5025,,,
Clairemont Mesa,2020,55 to 59,5548,,,
Clairemont Mesa,2020,60 and 61,2139,,,
Clairemont Mesa,2020,62 to 64,3141,,,
Clairemont Mesa,2020,65 to 69,4509,,,
Clairemont Mesa,2020,70 to 74,3565,,,
Clairemont Mesa,2020,75 to 79,2397,,,
Clairemont Mesa,2020,80 to 84,1755,,,
Clairemont Mesa,2020,85 and Older,2169,,,
College Area,2020,Under 5,841,,,
College Area,2020,5 to 9,783,,,
College Area,2020,10 to 14,624,,,
College Area,2020,15 to 17,356,,,
College Area,2020,18 and 19,1164,,,
College Area,2020,20 to 24,10390,,,
College Area,2020,25 to 29,2138,,,
College Area,2020,30 to 34,1401,,,
College Area,2020,35 to 39,1106,,,
College Area,2020,40 to 44,860,,,
College Area,2020,45 to 49,868,,,
College Area,2020,50 to 54,800,,,
College Area,2020,55 to 59,811,,,
College Area,2020,60 and 61,333,,,
College Area,2020,62 to 64,410,,,
College Area,2020,65 to 69,681,,,
College Area,2020,70 to 74,546,,,
College Area,2020,75 to 79,325,,,
College Area,2020,80 to 84,226,,,
College Area,2020,85 and Older,305,,,
County Islands,2020,Under 5,119,,,
County Islands,2020,5 to 9,169,,,
County Islands,2020,10 to 14,171,,,
County Islands,2020,15 to 17,95,,,
County Islands,2020,18 and 19,67,,,
County Islands,2020,20 to 24,149,,,
County Islands,2020,25 to 29,206,,,
County Islands,2020,30 to 34,156,,,
County Islands,2020,35 to 39,135,,,
County Islands,2020,40 to 44,151,,,
County Islands,2020,45 to 49,126,,,
County Islands,2020,50 to 54,131,,,
County Islands,2020,55 to 59,150,,,
County Islands,2020,60 and 61,49,,,
County Islands,2020,62 to 64,76,,,
County Islands,2020,65 to 69,104,,,
County Islands,2020,70 to 74,68,,,
County Islands,2020,75 to 79,49,,,
County Islands,2020,80 to 84,21,,,
County Islands,2020,85 and Older,33,,,
Crest-Dehesa,2020,Under 5,539,,,
Crest-Dehesa,2020,5 to 9,627,,,
Crest-Dehesa,2020,10 to 14,595,,,
Crest-Dehesa,2020,15 to 17,380,,,
Crest-Dehesa,2020,18 and 19,208,,,
Crest-Dehesa,2020,20 to 24,533,,,
Crest-Dehesa,2020,25 to 29,524,,,
Crest-Dehesa,2020,30 to 34,638,,,
Crest-Dehesa,2020,35 to 39,558,,,
Crest-Dehesa,2020,40 to 44,584,,,
Crest-Dehesa,2020,45 to 49,580,,,
Crest-Dehesa,2020,50 to 54,651,,,
Crest-Dehesa,2020,55 to 59,866,,,
Crest-Dehesa,2020,60 and 61,360,,,
Crest-Dehesa,2020,62 to 64,565,,,
Crest-Dehesa,2020,65 to 69,761,,,
Crest-Dehesa,2020,70 to 74,595,,,
Crest-Dehesa,2020,75 to 79,394,,,
Crest-Dehesa,2020,80 to 84,244,,,
Crest-Dehesa,2020,85 and Older,217,,,
Del Mar Mesa,2020,Under 5,55,,,
Del Mar Mesa,2020,5 to 9,104,,,
Del Mar Mesa,2020,10 to 14,127,,,
Del Mar Mesa,2020,15 to 17,146,,,
Del Mar Mesa,2020,18 and 19,78,,,
Del Mar Mesa,2020,20 to 24,114,,,
Del Mar Mesa,2020,25 to 29,31,,,
Del Mar Mesa,2020,30 to 34,34,,,
Del Mar Mesa,2020,35 to 39,40,,,
Del Mar Mesa,2020,40 to 44,109,,,
Del Mar Mesa,2020,45 to 49,170,,,
Del Mar Mesa,2020,50 to 54,186,,,
Del Mar Mesa,2020,55 to 59,133,,,
Del Mar Mesa,2020,60 and 61,35,,,
Del Mar Mesa,2020,62 to 64,57,,,
Del Mar Mesa,2020,65 to 69,46,,,
Del Mar Mesa,2020,70 to 74,42,,,
Del Mar Mesa,2020,75 to 79,16,,,
Del Mar Mesa,2020,80 to 84,16,,,
Del Mar Mesa,2020,85 and Older,9,,,
Desert,2020,Under 5,138,,,
Desert,2020,5 to 9,167,,,
Desert,2020,10 to 14,172,,,
Desert,2020,15 to 17,115,,,
Desert,2020,18 and 19,60,,,
Desert,2020,20 to 24,126,,,
Desert,2020,25 to 29,172,,,
Desert,2020,30 to 34,153,,,
Desert,2020,35 to 39,151,,,
Desert,2020,40 to 44,149,,,
Desert,2020,45 to 49,132,,,
Desert,2020,50 to 54,218,,,
Desert,2020,55 to 59,322,,,
Desert,2020,60 and 61,166,,,
Desert,2020,62 to 64,277,,,
Desert,2020,65 to 69,459,,,
Desert,2020,70 to 74,436,,,
Desert,2020,75 to 79,296,,,
Desert,2020,80 to 84,172,,,
Desert,2020,85 and Older,148,,,
Downtown,2020,Under 5,1016,,,
Downtown,2020,5 to 9,622,,,
Downtown,2020,10 to 14,713,,,
Downtown,2020,15 to 17,458,,,
Downtown,2020,18 and 19,347,,,
Downtown,2020,20 to 24,2745,,,
Downtown,2020,25 to 29,6355,,,
Downtown,2020,30 to 34,6435,,,
Downtown,2020,35 to 39,4807,,,
Downtown,2020,40 to 44,3348,,,
Downtown,2020,45 to 49,2666,,,
Downtown,2020,50 to 54,2739,,,
Downtown,2020,55 to 59,3020,,,
Downtown,2020,60 and 61,1174,,,
Downtown,2020,62 to 64,1683,,,
Downtown,2020,65 to 69,2630,,,
Downtown,2020,70 to 74,1660,,,
Downtown,2020,75 to 79,1263,,,
Downtown,2020,80 to 84,681,,,
Downtown,2020,85 and Older,534,,,
East Elliott,2020,Under 5,12,,,
East Elliott,2020,5 to 9,2,,,
East Elliott,2020,10 to 14,4,,,
East Elliott,2020,15 to 17,2,,,
East Elliott,2020,18 and 19,3,,,
East Elliott,2020,20 to 24,6,,,
East Elliott,2020,25 to 29,5,,,
East Elliott,2020,30 to 34,7,,,
East Elliott,2020,35 to 39,8,,,
East Elliott,2020,40 to 44,9,,,
East Elliott,2020,45 to 49,8,,,
East Elliott,2020,50 to 54,8,,,
East Elliott,2020,55 to 59,3,,,
East Elliott,2020,60 and 61,7,,,
East Elliott,2020,62 to 64,6,,,
East Elliott,2020,65 to 69,1,,,
East Elliott,2020,70 to 74,0,,,
East Elliott,2020,75 to 79,0,,,
East Elliott,2020,80 to 84,0,,,
East Elliott,2020,85 and Older,6,,,
Fairbanks Country Club,2020,Under 5,38,,,
Fairbanks Country Club,2020,5 to 9,49,,,
Fairbanks Country Club,2020,10 to 14,66,,,
Fairbanks Country Club,2020,15 to 17,52,,,
Fairbanks Country Club,2020,18 and 19,27,,,
Fairbanks Country Club,2020,20 to 24,35,,,
Fairbanks Country Club,2020,25 to 29,13,,,
Fairbanks Country Club,2020,30 to 34,31,,,
Fairbanks Country Club,2020,35 to 39,61,,,
Fairbanks Country Club,2020,40 to 44,77,,,
Fairbanks Country Club,2020,45 to 49,76,,,
Fairbanks Country Club,2020,50 to 54,69,,,
Fairbanks Country Club,2020,55 to 59,70,,,
Fairbanks Country Club,2020,60 and 61,34,,,
Fairbanks Country Club,2020,62 to 64,35,,,
Fairbanks Country Club,2020,65 to 69,65,,,
Fairbanks Country Club,2020,70 to 74,50,,,
Fairbanks Country Club,2020,75 to 79,36,,,
Fairbanks Country Club,2020,80 to 84,22,,,
Fairbanks Country Club,2020,85 and Older,10,,,
Fallbrook,2020,Under 5,2682,,,
Fallbrook,2020,5 to 9,3020,,,
Fallbrook,2020,10 to 14,3009,,,
Fallbrook,2020,15 to 17,1683,,,
Fallbrook,2020,18 and 19,1200,,,
Fallbrook,2020,20 to 24,3079,,,
Fallbrook,2020,25 to 29,3016,,,
Fallbrook,2020,30 to 34,2928,,,
Fallbrook,2020,35 to 39,2885,,,
Fallbrook,2020,40 to 44,2502,,,
Fallbrook,2020,45 to 49,2607,,,
Fallbrook,2020,50 to 54,2755,,,
Fallbrook,2020,55 to 59,3264,,,
Fallbrook,2020,60 and 61,1399,,,
Fallbrook,2020,62 to 64,2090,,,
Fallbrook,2020,65 to 69,3091,,,
Fallbrook,2020,70 to 74,2693,,,
Fallbrook,2020,75 to 79,1755,,,
Fallbrook,2020,80 to 84,1185,,,
Fallbrook,2020,85 and Older,1204,,,
Flower Hill,2020,Under 5,0,,,
Flower Hill,2020,5 to 9,1,,,
Flower Hill,2020,10 to 14,0,,,
Flower Hill,2020,15 to 17,0,,,
Flower Hill,2020,18 and 19,0,,,
Flower Hill,2020,20 to 24,0,,,
Flower Hill,2020,25 to 29,0,,,
Flower Hill,2020,30 to 34,0,,,
Flower Hill,2020,35 to 39,0,,,
Flower Hill,2020,40 to 44,0,,,
Flower Hill,2020,45 to 49,0,,,
Flower Hill,2020,50 to 54,0,,,
Flower Hill,2020,55 to 59,0,,,
Flower Hill,2020,60 and 61,0,,,
Flower Hill,2020,62 to 64,0,,,
Flower Hill,2020,65 to 69,0,,,
Flower Hill,2020,70 to 74,0,,,
Flower Hill,2020,75 to 79,0,,,
Flower Hill,2020,80 to 84,0,,,
Flower Hill,2020,85 and Older,0,,,
Greater Golden Hill,2020,Under 5,634,,,
Greater Golden Hill,2020,5 to 9,547,,,
Greater Golden Hill,2020,10 to 14,485,,,
Greater Golden Hill,2020,15 to 17,310,,,
Greater Golden Hill,2020,18 and 19,167,,,
Greater Golden Hill,2020,20 to 24,843,,,
Greater Golden Hill,2020,25 to 29,1952,,,
Greater Golden Hill,2020,30 to 34,2233,,,
Greater Golden Hill,2020,35 to 39,1672,,,
Greater Golden Hill,2020,40 to 44,1201,,,
Greater Golden Hill,2020,45 to 49,858,,,
Greater Golden Hill,2020,50 to 54,831,,,
Greater Golden Hill,2020,55 to 59,744,,,
Greater Golden Hill,2020,60 and 61,279,,,
Greater Golden Hill,2020,62 to 64,388,,,
Greater Golden Hill,2020,65 to 69,493,,,
Greater Golden Hill,2020,70 to 74,346,,,
Greater Golden Hill,2020,75 to 79,176,,,
Greater Golden Hill,2020,80 to 84,103,,,
Greater Golden Hill,2020,85 and Older,97,,,
Greater North Park,2020,Under 5,1938,,,
Greater North Park,2020,5 to 9,1321,,,
Greater North Park,2020,10 to 14,1235,,,
Greater North Park,2020,15 to 17,770,,,
Greater North Park,2020,18 and 19,360,,,
Greater North Park,2020,20 to 24,2457,,,
Greater North Park,2020,25 to 29,6975,,,
Greater North Park,2020,30 to 34,7324,,,
Greater North Park,2020,35 to 39,5313,,,
Greater North Park,2020,40 to 44,3682,,,
Greater North Park,2020,45 to 49,2697,,,
Greater North Park,2020,50 to 54,2573,,,
Greater North Park,2020,55 to 59,2525,,,
Greater North Park,2020,60 and 61,910,,,
Greater North Park,2020,62 to 64,1225,,,
Greater North Park,2020,65 to 69,1965,,,
Greater North Park,2020,70 to 74,1492,,,
Greater North Park,2020,75 to 79,917,,,
Greater North Park,2020,80 to 84,476,,,
Greater North Park,2020,85 and Older,394,,,
Harbor,2020,Under 5,1,,,
Harbor,2020,5 to 9,0,,,
Harbor,2020,10 to 14,0,,,
Harbor,2020,15 to 17,2,,,
Harbor,2020,18 and 19,303,,,
Harbor,2020,20 to 24,1158,,,
Harbor,2020,25 to 29,387,,,
Harbor,2020,30 to 34,194,,,
Harbor,2020,35 to 39,100,,,
Harbor,2020,40 to 44,48,,,
Harbor,2020,45 to 49,11,,,
Harbor,2020,50 to 54,1,,,
Harbor,2020,55 to 59,0,,,
Harbor,2020,60 and 61,0,,,
Harbor,2020,62 to 64,2,,,
Harbor,2020,65 to 69,2,,,
Harbor,2020,70 to 74,0,,,
Harbor,2020,75 to 79,1,,,
Harbor,2020,80 to 84,1,,,
Harbor,2020,85 and Older,0,,,
Jamul-Dulzura,2020,Under 5,464,,,
Jamul-Dulzura,2020,5 to 9,529,,,
Jamul-Dulzura,2020,10 to 14,657,,,
Jamul-Dulzura,2020,15 to 17,369,,,
Jamul-Dulzura,2020,18 and 19,270,,,
Jamul-Dulzura,2020,20 to 24,536,,,
Jamul-Dulzura,2020,25 to 29,537,,,
Jamul-Dulzura,2020,30 to 34,452,,,
Jamul-Dulzura,2020,35 to 39,515,,,
Jamul-Dulzura,2020,40 to 44,532,,,
Jamul-Dulzura,2020,45 to 49,539,,,
Jamul-Dulzura,2020,50 to 54,732,,,
Jamul-Dulzura,2020,55 to 59,892,,,
Jamul-Dulzura,2020,60 and 61,363,,,
Jamul-Dulzura,2020,62 to 64,522,,,
Jamul-Dulzura,2020,65 to 69,811,,,
Jamul-Dulzura,2020,70 to 74,654,,,
Jamul-Dulzura,2020,75 to 79,363,,,
Jamul-Dulzura,2020,80 to 84,237,,,
Jamul-Dulzura,2020,85 and Older,187,,,
Julian,2020,Under 5,122,,,
Julian,2020,5 to 9,118,,,
Julian,2020,10 to 14,181,,,
Julian,2020,15 to 17,82,,,
Julian,2020,18 and 19,54,,,
Julian,2020,20 to 24,132,,,
Julian,2020,25 to 29,120,,,
Julian,2020,30 to 34,148,,,
Julian,2020,35 to 39,178,,,
Julian,2020,40 to 44,164,,,
Julian,2020,45 to 49,142,,,
Julian,2020,50 to 54,203,,,
Julian,2020,55 to 59,230,,,
Julian,2020,60 and 61,117,,,
Julian,2020,62 to 64,212,,,
Julian,2020,65 to 69,333,,,
Julian,2020,70 to 74,270,,,
Julian,2020,75 to 79,174,,,
Julian,2020,80 to 84,99,,,
Julian,2020,85 and Older,59,,,
Kearny Mesa,2020,Under 5,550,,,
Kearny Mesa,2020,5 to 9,390,,,
Kearny Mesa,2020,10 to 14,321,,,
Kearny Mesa,2020,15 to 17,127,,,
Kearny Mesa,2020,18 and 19,117,,,
Kearny Mesa,2020,20 to 24,742,,,
Kearny Mesa,2020,25 to 29,1496,,,
Kearny Mesa,2020,30 to 34,1494,,,
Kearny Mesa,2020,35 to 39,960,,,
Kearny Mesa,2020,40 to 44,684,,,
Kearny Mesa,2020,45 to 49,548,,,
Kearny Mesa,2020,50 to 54,511,,,
Kearny Mesa,2020,55 to 59,441,,,
Kearny Mesa,2020,60 and 61,153,,,
Kearny Mesa,2020,62 to 64,212,,,
Kearny Mesa,2020,65 to 69,285,,,
Kearny Mesa,2020,70 to 74,170,,,
Kearny Mesa,2020,75 to 79,122,,,
Kearny Mesa,2020,80 to 84,83,,,
Kearny Mesa,2020,85 and Older,82,,,
La Jolla,2020,Under 5,952,,,
La Jolla,2020,5 to 9,1321,,,
La Jolla,2020,10 to 14,1706,,,
La Jolla,2020,15 to 17,1206,,,
La Jolla,2020,18 and 19,509,,,
La Jolla,2020,20 to 24,1382,,,
La Jolla,2020,25 to 29,1386,,,
La Jolla,2020,30 to 34,1286,,,
La Jolla,2020,35 to 39,1375,,,
La Jolla,2020,40 to 44,1530,,,
La Jolla,2020,45 to 49,1865,,,
La Jolla,2020,50 to 54,2068,,,
La Jolla,2020,55 to 59,2187,,,
La Jolla,2020,60 and 61,892,,,
La Jolla,2020,62 to 64,1295,,,
La Jolla,2020,65 to 69,2090,,,
La Jolla,2020,70 to 74,2146,,,
La Jolla,2020,75 to 79,1928,,,
La Jolla,2020,80 to 84,1423,,,
La Jolla,2020,85 and Older,1733,,,
Lakeside,2020,Under 5,4445,,,
Lakeside,2020,5 to 9,5115,,,
Lakeside,2020,10 to 14,5386,,,
Lakeside,2020,15 to 17,3036,,,
Lakeside,2020,18 and 19,1794,,,
Lakeside,2020,20 to 24,4520,,,
Lakeside,2020,25 to 29,4831,,,
Lakeside,2020,30 to 34,5337,,,
Lakeside,2020,35 to 39,5389,,,
Lakeside,2020,40 to 44,4556,,,
Lakeside,2020,45 to 49,4535,,,
Lakeside,2020,50 to 54,4900,,,
Lakeside,2020,55 to 59,5699,,,
Lakeside,2020,60 and 61,2247,,,
Lakeside,2020,62 to 64,3171,,,
Lakeside,2020,65 to 69,4543,,,
Lakeside,2020,70 to 74,3574,,,
Lakeside,2020,75 to 79,2101,,,
Lakeside,2020,80 to 84,1311,,,
Lakeside,2020,85 and Older,1275,,,
Linda Vista,2020,Under 5,1652,,,
Linda Vista,2020,5 to 9,1554,,,
Linda Vista,2020,10 to 14,1562,,,
Linda Vista,2020,15 to 17,925,,,
Linda Vista,2020,18 and 19,1686,,,
Linda Vista,2020,20 to 24,5242,,,
Linda Vista,2020,25 to 29,4146,,,
Linda Vista,2020,30 to 34,3251,,,
Linda Vista,2020,35 to 39,2897,,,
Linda Vista,2020,40 to 44,2037,,,
Linda Vista,2020,45 to 49,1703,,,
Linda Vista,2020,50 to 54,1677,,,
Linda Vista,2020,55 to 59,1642,,,
Linda Vista,2020,60 and 61,711,,,
Linda Vista,2020,62 to 64,885,,,
Linda Vista,2020,65 to 69,1317,,,
Linda Vista,2020,70 to 74,1009,,,
Linda Vista,2020,75 to 79,681,,,
Linda Vista,2020,80 to 84,468,,,
Linda Vista,2020,85 and Older,466,,,
Lindbergh Field,2020,Under 5,1,,,
Lindbergh Field,2020,5 to 9,2,,,
Lindbergh Field,2020,10 to 14,1,,,
Lindbergh Field,2020,15 to 17,2,,,
Lindbergh Field,2020,18 and 19,5,,,
Lindbergh Field,2020,20 to 24,20,,,
Lindbergh Field,2020,25 to 29,8,,,
Lindbergh Field,2020,30 to 34,6,,,
Lindbergh Field,2020,35 to 39,1,,,
Lindbergh Field,2020,40 to 44,2,,,
Lindbergh Field,2020,45 to 49,5,,,
Lindbergh Field,2020,50 to 54,15,,,
Lindbergh Field,2020,55 to 59,9,,,
Lindbergh Field,2020,60 and 61,7,,,
Lindbergh Field,2020,62 to 64,0,,,
Lindbergh Field,2020,65 to 69,7,,,
Lindbergh Field,2020,70 to 74,10,,,
Lindbergh Field,2020,75 to 79,0,,,
Lindbergh Field,2020,80 to 84,2,,,
Lindbergh Field,2020,85 and Older,6,,,
Los Peñasquitos Canyon Preserve,2020,Under 5,0,,,
Los Peñasquitos Canyon Preserve,2020,5 to 9,0,,,
Los Peñasquitos Canyon Preserve,2020,10 to 14,0,,,
Los Peñasquitos Canyon Preserve,2020,15 to 17,0,,,
Los Peñasquitos Canyon Preserve,2020,18 and 19,0,,,
Los Peñasquitos Canyon Preserve,2020,20 to 24,0,,,
Los Peñasquitos Canyon Preserve,2020,25 to 29,0,,,
Los Peñasquitos Canyon Preserve,2020,30 to 34,0,,,
Los Peñasquitos Canyon Preserve,2020,35 to 39,0,,,
Los Peñasquitos Canyon Preserve,2020,40 to 44,0,,,
Los Peñasquitos Canyon Preserve,2020,45 to 49,0,,,
Los Peñasquitos Canyon Preserve,2020,50 to 54,0,,,
Los Peñasquitos Canyon Preserve,2020,55 to 59,0,,,
Los Peñasquitos Canyon Preserve,2020,60 and 61,0,,,
Los Peñasquitos Canyon Preserve,2020,62 to 64,0,,,
Los Peñasquitos Canyon Preserve,2020,65 to 69,0,,,
Los Peñasquitos Canyon Preserve,2020,70 to 74,0,,,
Los Peñasquitos Canyon Preserve,2020,75 to 79,0,,,
Los Peñasquitos Canyon Preserve,2020,80 to 84,0,,,
Los Peñasquitos Canyon Preserve,2020,85 and Older,0,,,
Marine Corps Recruit Depot,2020,Under 5,5,,,
Marine Corps Recruit Depot,2020,5 to 9,4,,,
Marine Corps Recruit Depot,2020,10 to 14,6,,,
Marine Corps Recruit Depot,2020,15 to 17,228,,,
Marine Corps Recruit Depot,2020,18 and 19,1197,,,
Marine Corps Recruit Depot,2020,20 to 24,601,,,
Marine Corps Recruit Depot,2020,25 to 29,112,,,
Marine Corps Recruit Depot,2020,30 to 34,14,,,
Marine Corps Recruit Depot,2020,35 to 39,1,,,
Marine Corps Recruit Depot,2020,40 to 44,2,,,
Marine Corps Recruit Depot,2020,45 to 49,4,,,
Marine Corps Recruit Depot,2020,50 to 54,1,,,
Marine Corps Recruit Depot,2020,55 to 59,0,,,
Marine Corps Recruit Depot,2020,60 and 61,0,,,
Marine Corps Recruit Depot,2020,62 to 64,2,,,
Marine Corps Recruit Depot,2020,65 to 69,2,,,
Marine Corps Recruit Depot,2020,70 to 74,3,,,
Marine Corps Recruit Depot,2020,75 to 79,0,,,
Marine Corps Recruit Depot,2020,80 to 84,1,,,
Marine Corps Recruit Depot,2020,85 and Older,0,,,
Mid-City:City Heights,2020,Under 5,4156,,,
Mid-City:City Heights,2020,5 to 9,4598,,,
Mid-City:City Heights,2020,10 to 14,5141,,,
Mid-City:City Heights,2020,15 to 17,3070,,,
Mid-City:City Heights,2020,18 and 19,2049,,,
Mid-City:City Heights,2020,20 to 24,5713,,,
Mid-City:City Heights,2020,25 to 29,6546,,,
Mid-City:City Heights,2020,30 to 34,5808,,,
Mid-City:City Heights,2020,35 to 39,5160,,,
Mid-City:City Heights,2020,40 to 44,4378,,,
Mid-City:City Heights,2020,45 to 49,4363,,,
Mid-City:City Heights,2020,50 to 54,4234,,,
Mid-City:City Heights,2020,55 to 59,3825,,,
Mid-City:City Heights,2020,60 and 61,1358,,,
Mid-City:City Heights,2020,62 to 64,1771,,,
Mid-City:City Heights,2020,65 to 69,2417,,,
Mid-City:City Heights,2020,70 to 74,1685,,,
Mid-City:City Heights,2020,75 to 79,1033,,,
Mid-City:City Heights,2020,80 to 84,644,,,
Mid-City:City Heights,2020,85 and Older,646,,,
Mid-City:Eastern Area,2020,Under 5,2516,,,
Mid-City:Eastern Area,2020,5 to 9,2450,,,
Mid-City:Eastern Area,2020,10 to 14,2433,,,
Mid-City:Eastern Area,2020,15 to 17,1375,,,
Mid-City:Eastern Area,2020,18 and 19,1040,,,
Mid-City:Eastern Area,2020,20 to 24,3647,,,
Mid-City:Eastern Area,2020,25 to 29,3676,,,
Mid-City:Eastern Area,2020,30 to 34,3446,,,
Mid-City:Eastern Area,2020,35 to 39,2924,,,
Mid-City:Eastern Area,2020,40 to 44,2533,,,
Mid-City:Eastern Area,2020,45 to 49,2361,,,
Mid-City:Eastern Area,2020,50 to 54,2464,,,
Mid-City:Eastern Area,2020,55 to 59,2371,,,
Mid-City:Eastern Area,2020,60 and 61,963,,,
Mid-City:Eastern Area,2020,62 to 64,1189,,,
Mid-City:Eastern Area,2020,65 to 69,1728,,,
Mid-City:Eastern Area,2020,70 to 74,1387,,,
Mid-City:Eastern Area,2020,75 to 79,794,,,
Mid-City:Eastern Area,2020,80 to 84,576,,,
Mid-City:Eastern Area,2020,85 and Older,597,,,
Mid-City:Kensington-Talmadge,2020,Under 5,775,,,
Mid-City:Kensington-Talmadge,2020,5 to 9,624,,,
Mid-City:Kensington-Talmadge,2020,10 to 14,594,,,
Mid-City:Kensington-Talmadge,2020,15 to 17,371,,,
Mid-City:Kensington-Talmadge,2020,18 and 19,239,,,
Mid-City:Kensington-Talmadge,2020,20 to 24,909,,,
Mid-City:Kensington-Talmadge,2020,25 to 29,1228,,,
Mid-City:Kensington-Talmadge,2020,30 to 34,1295,,,
Mid-City:Kensington-Talmadge,2020,35 to 39,1203,,,
Mid-City:Kensington-Talmadge,2020,40 to 44,979,,,
Mid-City:Kensington-Talmadge,2020,45 to 49,926,,,
Mid-City:Kensington-Talmadge,2020,50 to 54,967,,,
Mid-City:Kensington-Talmadge,2020,55 to 59,1040,,,
Mid-City:Kensington-Talmadge,2020,60 and 61,353,,,
Mid-City:Kensington-Talmadge,2020,62 to 64,558,,,
Mid-City:Kensington-Talmadge,2020,65 to 69,733,,,
Mid-City:Kensington-Talmadge,2020,70 to 74,716,,,
Mid-City:Kensington-Talmadge,2020,75 to 79,430,,,
Mid-City:Kensington-Talmadge,2020,80 to 84,242,,,
Mid-City:Kensington-Talmadge,2020,85 and Older,255,,,
Mid-City:Normal Heights,2020,Under 5,686,,,
Mid-City:Normal Heights,2020,5 to 9,603,,,
Mid-City:Normal Heights,2020,10 to 14,472,,,
Mid-City:Normal Heights,2020,15 to 17,285,,,
Mid-City:Normal Heights,2020,18 and 19,211,,,
Mid-City:Normal Heights,2020,20 to 24,863,,,
Mid-City:Normal Heights,2020,25 to 29,2136,,,
Mid-City:Normal Heights,2020,30 to 34,2308,,,
Mid-City:Normal Heights,2020,35 to 39,1732,,,
Mid-City:Normal Heights,2020,40 to 44,1159,,,
Mid-City:Normal Heights,2020,45 to 49,924,,,
Mid-City:Normal Heights,2020,50 to 54,864,,,
Mid-City:Normal Heights,2020,55 to 59,867,,,
Mid-City:Normal Heights,2020,60 and 61,297,,,
Mid-City:Normal Heights,2020,62 to 64,419,,,
Mid-City:Normal Heights,2020,65 to 69,627,,,
Mid-City:Normal Heights,2020,70 to 74,390,,,
Mid-City:Normal Heights,2020,75 to 79,198,,,
Mid-City:Normal Heights,2020,80 to 84,131,,,
Mid-City:Normal Heights,2020,85 and Older,123,,,
Midway-Pacific Highway,2020,Under 5,463,,,
Midway-Pacific Highway,2020,5 to 9,421,,,
Midway-Pacific Highway,2020,10 to 14,249,,,
Midway-Pacific Highway,2020,15 to 17,97,,,
Midway-Pacific Highway,2020,18 and 19,70,,,
Midway-Pacific Highway,2020,20 to 24,403,,,
Midway-Pacific Highway,2020,25 to 29,618,,,
Midway-Pacific Highway,2020,30 to 34,616,,,
Midway-Pacific Highway,2020,35 to 39,458,,,
Midway-Pacific Highway,2020,40 to 44,304,,,
Midway-Pacific Highway,2020,45 to 49,214,,,
Midway-Pacific Highway,2020,50 to 54,236,,,
Midway-Pacific Highway,2020,55 to 59,257,,,
Midway-Pacific Highway,2020,60 and 61,102,,,
Midway-Pacific Highway,2020,62 to 64,190,,,
Midway-Pacific Highway,2020,65 to 69,271,,,
Midway-Pacific Highway,2020,70 to 74,221,,,
Midway-Pacific Highway,2020,75 to 79,174,,,
Midway-Pacific Highway,2020,80 to 84,93,,,
Midway-Pacific Highway,2020,85 and Older,143,,,
Mira Mesa,2020,Under 5,4199,,,
Mira Mesa,2020,5 to 9,3810,,,
Mira Mesa,2020,10 to 14,3801,,,
Mira Mesa,2020,15 to 17,2243,,,
Mira Mesa,2020,18 and 19,1560,,,
Mira Mesa,2020,20 to 24,5869,,,
Mira Mesa,2020,25 to 29,7587,,,
Mira Mesa,2020,30 to 34,7152,,,
Mira Mesa,2020,35 to 39,6191,,,
Mira Mesa,2020,40 to 44,4886,,,
Mira Mesa,2020,45 to 49,4709,,,
Mira Mesa,2020,50 to 54,5022,,,
Mira Mesa,2020,55 to 59,5044,,,
Mira Mesa,2020,60 and 61,1909,,,
Mira Mesa,2020,62 to 64,2772,,,
Mira Mesa,2020,65 to 69,3911,,,
Mira Mesa,2020,70 to 74,3172,,,
Mira Mesa,2020,75 to 79,1840,,,
Mira Mesa,2020,80 to 84,1177,,,
Mira Mesa,2020,85 and Older,942,,,
Miramar Air Station,2020,Under 5,314,,,
Miramar Air Station,2020,5 to 9,286,,,
Miramar Air Station,2020,10 to 14,206,,,
Miramar Air Station,2020,15 to 17,84,,,
Miramar Air Station,2020,18 and 19,1182,,,
Miramar Air Station,2020,20 to 24,4274,,,
Miramar Air Station,2020,25 to 29,854,,,
Miramar Air Station,2020,30 to 34,298,,,
Miramar Air Station,2020,35 to 39,213,,,
Miramar Air Station,2020,40 to 44,138,,,
Miramar Air Station,2020,45 to 49,81,,,
Miramar Air Station,2020,50 to 54,27,,,
Miramar Air Station,2020,55 to 59,28,,,
Miramar Air Station,2020,60 and 61,11,,,
Miramar Air Station,2020,62 to 64,9,,,
Miramar Air Station,2020,65 to 69,15,,,
Miramar Air Station,2020,70 to 74,9,,,
Miramar Air Station,2020,75 to 79,1,,,
Miramar Air Station,2020,80 to 84,9,,,
Miramar Air Station,2020,85 and Older,17,,,
Miramar Ranch North,2020,Under 5,756,,,
Miramar Ranch North,2020,5 to 9,914,,,
Miramar Ranch North,2020,10 to 14,1035,,,
Miramar Ranch North,2020,15 to 17,623,,,
Miramar Ranch North,2020,18 and 19,336,,,
Miramar Ranch North,2020,20 to 24,600,,,
Miramar Ranch North,2020,25 to 29,485,,,
Miramar Ranch North,2020,30 to 34,690,,,
Miramar Ranch North,2020,35 to 39,931,,,
Miramar Ranch North,2020,40 to 44,1041,,,
Miramar Ranch North,2020,45 to 49,1128,,,
Miramar Ranch North,2020,50 to 54,1118,,,
Miramar Ranch North,2020,55 to 59,1022,,,
Miramar Ranch North,2020,60 and 61,365,,,
Miramar Ranch North,2020,62 to 64,462,,,
Miramar Ranch North,2020,65 to 69,500,,,
Miramar Ranch North,2020,70 to 74,394,,,
Miramar Ranch North,2020,75 to 79,217,,,
Miramar Ranch North,2020,80 to 84,113,,,
Miramar Ranch North,2020,85 and Older,98,,,
Mission Bay Park,2020,Under 5,52,,,
Mission Bay Park,2020,5 to 9,34,,,
Mission Bay Park,2020,10 to 14,23,,,
Mission Bay Park,2020,15 to 17,5,,,
Mission Bay Park,2020,18 and 19,3,,,
Mission Bay Park,2020,20 to 24,36,,,
Mission Bay Park,2020,25 to 29,102,,,
Mission Bay Park,2020,30 to 34,99,,,
Mission Bay Park,2020,35 to 39,125,,,
Mission Bay Park,2020,40 to 44,55,,,
Mission Bay Park,2020,45 to 49,78,,,
Mission Bay Park,2020,50 to 54,70,,,
Mission Bay Park,2020,55 to 59,96,,,
Mission Bay Park,2020,60 and 61,44,,,
Mission Bay Park,2020,62 to 64,40,,,
Mission Bay Park,2020,65 to 69,41,,,
Mission Bay Park,2020,70 to 74,32,,,
Mission Bay Park,2020,75 to 79,18,,,
Mission Bay Park,2020,80 to 84,12,,,
Mission Bay Park,2020,85 and Older,5,,,
Mission Beach,2020,Under 5,92,,,
Mission Beach,2020,5 to 9,70,,,
Mission Beach,2020,10 to 14,58,,,
Mission Beach,2020,15 to 17,56,,,
Mission Beach,2020,18 and 19,35,,,
Mission Beach,2020,20 to 24,462,,,
Mission Beach,2020,25 to 29,454,,,
Mission Beach,2020,30 to 34,391,,,
Mission Beach,2020,35 to 39,304,,,
Mission Beach,2020,40 to 44,193,,,
Mission Beach,2020,45 to 49,168,,,
Mission Beach,2020,50 to 54,168,,,
Mission Beach,2020,55 to 59,147,,,
Mission Beach,2020,60 and 61,77,,,
Mission Beach,2020,62 to 64,108,,,
Mission Beach,2020,65 to 69,146,,,
Mission Beach,2020,70 to 74,179,,,
Mission Beach,2020,75 to 79,125,,,
Mission Beach,2020,80 to 84,69,,,
Mission Beach,2020,85 and Older,51,,,
Mission Valley,2020,Under 5,1021,,,
Mission Valley,2020,5 to 9,621,,,
Mission Valley,2020,10 to 14,484,,,
Mission Valley,2020,15 to 17,265,,,
Mission Valley,2020,18 and 19,235,,,
Mission Valley,2020,20 to 24,2241,,,
Mission Valley,2020,25 to 29,3912,,,
Mission Valley,2020,30 to 34,3718,,,
Mission Valley,2020,35 to 39,2528,,,
Mission Valley,2020,40 to 44,1470,,,
Mission Valley,2020,45 to 49,1263,,,
Mission Valley,2020,50 to 54,1210,,,
Mission Valley,2020,55 to 59,1206,,,
Mission Valley,2020,60 and 61,467,,,
Mission Valley,2020,62 to 64,646,,,
Mission Valley,2020,65 to 69,816,,,
Mission Valley,2020,70 to 74,610,,,
Mission Valley,2020,75 to 79,352,,,
Mission Valley,2020,80 to 84,275,,,
Mission Valley,2020,85 and Older,306,,,
Mountain Empire,2020,Under 5,471,,,
Mountain Empire,2020,5 to 9,517,,,
Mountain Empire,2020,10 to 14,525,,,
Mountain Empire,2020,15 to 17,318,,,
Mountain Empire,2020,18 and 19,176,,,
Mountain Empire,2020,20 to 24,382,,,
Mountain Empire,2020,25 to 29,443,,,
Mountain Empire,2020,30 to 34,481,,,
Mountain Empire,2020,35 to 39,464,,,
Mountain Empire,2020,40 to 44,449,,,
Mountain Empire,2020,45 to 49,482,,,
Mountain Empire,2020,50 to 54,448,,,
Mountain Empire,2020,55 to 59,526,,,
Mountain Empire,2020,60 and 61,264,,,
Mountain Empire,2020,62 to 64,382,,,
Mountain Empire,2020,65 to 69,548,,,
Mountain Empire,2020,70 to 74,424,,,
Mountain Empire,2020,75 to 79,220,,,
Mountain Empire,2020,80 to 84,130,,,
Mountain Empire,2020,85 and Older,113,,,
Navajo,2020,Under 5,2874,,,
Navajo,2020,5 to 9,3144,,,
Navajo,2020,10 to 14,2885,,,
Navajo,2020,15 to 17,1581,,,
Navajo,2020,18 and 19,984,,,
Navajo,2020,20 to 24,2916,,,
Navajo,2020,25 to 29,3142,,,
Navajo,2020,30 to 34,3602,,,
Navajo,2020,35 to 39,4122,,,
Navajo,2020,40 to 44,3683,,,
Navajo,2020,45 to 49,3345,,,
Navajo,2020,50 to 54,3328,,,
Navajo,2020,55 to 59,3547,,,
Navajo,2020,60 and 61,1401,,,
Navajo,2020,62 to 64,2046,,,
Navajo,2020,65 to 69,3027,,,
Navajo,2020,70 to 74,2634,,,
Navajo,2020,75 to 79,1930,,,
Navajo,2020,80 to 84,1495,,,
Navajo,2020,85 and Older,1673,,,
NCFUA Reserve,2020,Under 5,0,,,
NCFUA Reserve,2020,5 to 9,0,,,
NCFUA Reserve,2020,10 to 14,0,,,
NCFUA Reserve,2020,15 to 17,0,,,
NCFUA Reserve,2020,18 and 19,0,,,
NCFUA Reserve,2020,20 to 24,0,,,
NCFUA Reserve,2020,25 to 29,7,,,
NCFUA Reserve,2020,30 to 34,6,,,
NCFUA Reserve,2020,35 to 39,1,,,
NCFUA Reserve,2020,40 to 44,1,,,
NCFUA Reserve,2020,45 to 49,0,,,
NCFUA Reserve,2020,50 to 54,2,,,
NCFUA Reserve,2020,55 to 59,0,,,
NCFUA Reserve,2020,60 and 61,0,,,
NCFUA Reserve,2020,62 to 64,2,,,
NCFUA Reserve,2020,65 to 69,3,,,
NCFUA Reserve,2020,70 to 74,0,,,
NCFUA Reserve,2020,75 to 79,3,,,
NCFUA Reserve,2020,80 to 84,1,,,
NCFUA Reserve,2020,85 and Older,1,,,
NCFUA Subarea 2,2020,Under 5,0,,,
NCFUA Subarea 2,2020,5 to 9,14,,,
NCFUA Subarea 2,2020,10 to 14,20,,,
NCFUA Subarea 2,2020,15 to 17,10,,,
NCFUA Subarea 2,2020,18 and 19,4,,,
NCFUA Subarea 2,2020,20 to 24,9,,,
NCFUA Subarea 2,2020,25 to 29,3,,,
NCFUA Subarea 2,2020,30 to 34,1,,,
NCFUA Subarea 2,2020,35 to 39,16,,,
NCFUA Subarea 2,2020,40 to 44,9,,,
NCFUA Subarea 2,2020,45 to 49,18,,,
NCFUA Subarea 2,2020,50 to 54,13,,,
NCFUA Subarea 2,2020,55 to 59,15,,,
NCFUA Subarea 2,2020,60 and 61,3,,,
NCFUA Subarea 2,2020,62 to 64,5,,,
NCFUA Subarea 2,2020,65 to 69,8,,,
NCFUA Subarea 2,2020,70 to 74,3,,,
NCFUA Subarea 2,2020,75 to 79,0,,,
NCFUA Subarea 2,2020,80 to 84,0,,,
NCFUA Subarea 2,2020,85 and Older,0,,,
North County Metro,2020,Under 5,2032,,,
North County Metro,2020,5 to 9,2185,,,
North County Metro,2020,10 to 14,2374,,,
North County Metro,2020,15 to 17,1668,,,
North County Metro,2020,18 and 19,958,,,
North County Metro,2020,20 to 24,2323,,,
North County Metro,2020,25 to 29,2303,,,
North County Metro,2020,30 to 34,2307,,,
North County Metro,2020,35 to 39,2580,,,
North County Metro,2020,40 to 44,2337,,,
North County Metro,2020,45 to 49,2541,,,
North County Metro,2020,50 to 54,2828,,,
North County Metro,2020,55 to 59,3625,,,
North County Metro,2020,60 and 61,1452,,,
North County Metro,2020,62 to 64,2272,,,
North County Metro,2020,65 to 69,3350,,,
North County Metro,2020,70 to 74,2898,,,
North County Metro,2020,75 to 79,1927,,,
North County Metro,2020,80 to 84,1372,,,
North County Metro,2020,85 and Older,1589,,,
North Mountain,2020,Under 5,98,,,
North Mountain,2020,5 to 9,113,,,
North Mountain,2020,10 to 14,109,,,
North Mountain,2020,15 to 17,67,,,
North Mountain,2020,18 and 19,41,,,
North Mountain,2020,20 to 24,123,,,
North Mountain,2020,25 to 29,149,,,
North Mountain,2020,30 to 34,151,,,
North Mountain,2020,35 to 39,133,,,
North Mountain,2020,40 to 44,172,,,
North Mountain,2020,45 to 49,145,,,
North Mountain,2020,50 to 54,150,,,
North Mountain,2020,55 to 59,215,,,
North Mountain,2020,60 and 61,112,,,
North Mountain,2020,62 to 64,174,,,
North Mountain,2020,65 to 69,296,,,
North Mountain,2020,70 to 74,308,,,
North Mountain,2020,75 to 79,173,,,
North Mountain,2020,80 to 84,107,,,
North Mountain,2020,85 and Older,79,,,
Ocean Beach,2020,Under 5,510,,,
Ocean Beach,2020,5 to 9,358,,,
Ocean Beach,2020,10 to 14,330,,,
Ocean Beach,2020,15 to 17,219,,,
Ocean Beach,2020,18 and 19,110,,,
Ocean Beach,2020,20 to 24,810,,,
Ocean Beach,2020,25 to 29,2081,,,
Ocean Beach,2020,30 to 34,2251,,,
Ocean Beach,2020,35 to 39,1628,,,
Ocean Beach,2020,40 to 44,1145,,,
Ocean Beach,2020,45 to 49,828,,,
Ocean Beach,2020,50 to 54,701,,,
Ocean Beach,2020,55 to 59,624,,,
Ocean Beach,2020,60 and 61,289,,,
Ocean Beach,2020,62 to 64,377,,,
Ocean Beach,2020,65 to 69,546,,,
Ocean Beach,2020,70 to 74,381,,,
Ocean Beach,2020,75 to 79,162,,,
Ocean Beach,2020,80 to 84,86,,,
Ocean Beach,2020,85 and Older,93,,,
Old San Diego,2020,Under 5,31,,,
Old San Diego,2020,5 to 9,29,,,
Old San Diego,2020,10 to 14,16,,,
Old San Diego,2020,15 to 17,21,,,
Old San Diego,2020,18 and 19,7,,,
Old San Diego,2020,20 to 24,32,,,
Old San Diego,2020,25 to 29,92,,,
Old San Diego,2020,30 to 34,81,,,
Old San Diego,2020,35 to 39,89,,,
Old San Diego,2020,40 to 44,85,,,
Old San Diego,2020,45 to 49,67,,,
Old San Diego,2020,50 to 54,64,,,
Old San Diego,2020,55 to 59,58,,,
Old San Diego,2020,60 and 61,28,,,
Old San Diego,2020,62 to 64,32,,,
Old San Diego,2020,65 to 69,47,,,
Old San Diego,2020,70 to 74,51,,,
Old San Diego,2020,75 to 79,20,,,
Old San Diego,2020,80 to 84,10,,,
Old San Diego,2020,85 and Older,25,,,
Otay,2020,Under 5,8,,,
Otay,2020,5 to 9,6,,,
Otay,2020,10 to 14,6,,,
Otay,2020,15 to 17,70,,,
Otay,2020,18 and 19,100,,,
Otay,2020,20 to 24,597,,,
Otay,2020,25 to 29,1069,,,
Otay,2020,30 to 34,1117,,,
Otay,2020,35 to 39,1044,,,
Otay,2020,40 to 44,859,,,
Otay,2020,45 to 49,727,,,
Otay,2020,50 to 54,647,,,
Otay,2020,55 to 59,562,,,
Otay,2020,60 and 61,151,,,
Otay,2020,62 to 64,175,,,
Otay,2020,65 to 69,184,,,
Otay,2020,70 to 74,114,,,
Otay,2020,75 to 79,56,,,
Otay,2020,80 to 84,15,,,
Otay,2020,85 and Older,4,,,
Otay Mesa,2020,Under 5,1270,,,
Otay Mesa,2020,5 to 9,1341,,,
Otay Mesa,2020,10 to 14,1403,,,
Otay Mesa,2020,15 to 17,918,,,
Otay Mesa,2020,18 and 19,556,,,
Otay Mesa,2020,20 to 24,1607,,,
Otay Mesa,2020,25 to 29,1803,,,
Otay Mesa,2020,30 to 34,1605,,,
Otay Mesa,2020,35 to 39,1452,,,
Otay Mesa,2020,40 to 44,1401,,,
Otay Mesa,2020,45 to 49,1356,,,
Otay Mesa,2020,50 to 54,1247,,,
Otay Mesa,2020,55 to 59,1117,,,
Otay Mesa,2020,60 and 61,371,,,
Otay Mesa,2020,62 to 64,471,,,
Otay Mesa,2020,65 to 69,640,,,
Otay Mesa,2020,70 to 74,383,,,
Otay Mesa,2020,75 to 79,289,,,
Otay Mesa,2020,80 to 84,155,,,
Otay Mesa,2020,85 and Older,136,,,
Otay Mesa-Nestor,2020,Under 5,3149,,,
Otay Mesa-Nestor,2020,5 to 9,3755,,,
Otay Mesa-Nestor,2020,10 to 14,4364,,,
Otay Mesa-Nestor,2020,15 to 17,2757,,,
Otay Mesa-Nestor,2020,18 and 19,1886,,,
Otay Mesa-Nestor,2020,20 to 24,4634,,,
Otay Mesa-Nestor,2020,25 to 29,4620,,,
Otay Mesa-Nestor,2020,30 to 34,4072,,,
Otay Mesa-Nestor,2020,35 to 39,3872,,,
Otay Mesa-Nestor,2020,40 to 44,3613,,,
Otay Mesa-Nestor,2020,45 to 49,3824,,,
Otay Mesa-Nestor,2020,50 to 54,3913,,,
Otay Mesa-Nestor,2020,55 to 59,4022,,,
Otay Mesa-Nestor,2020,60 and 61,1599,,,
Otay Mesa-Nestor,2020,62 to 64,2145,,,
Otay Mesa-Nestor,2020,65 to 69,3175,,,
Otay Mesa-Nestor,2020,70 to 74,2523,,,
Otay Mesa-Nestor,2020,75 to 79,1730,,,
Otay Mesa-Nestor,2020,80 to 84,1232,,,
Otay Mesa-Nestor,2020,85 and Older,1165,,,
Pacific Beach,2020,Under 5,1583,,,
Pacific Beach,2020,5 to 9,1238,,,
Pacific Beach,2020,10 to 14,1097,,,
Pacific Beach,2020,15 to 17,625,,,
Pacific Beach,2020,18 and 19,321,,,
Pacific Beach,2020,20 to 24,3496,,,
Pacific Beach,2020,25 to 29,7607,,,
Pacific Beach,2020,30 to 34,6071,,,
Pacific Beach,2020,35 to 39,4048,,,
Pacific Beach,2020,40 to 44,2696,,,
Pacific Beach,2020,45 to 49,1985,,,
Pacific Beach,2020,50 to 54,1794,,,
Pacific Beach,2020,55 to 59,1731,,,
Pacific Beach,2020,60 and 61,617,,,
Pacific Beach,2020,62 to 64,939,,,
Pacific Beach,2020,65 to 69,1364,,,
Pacific Beach,2020,70 to 74,1263,,,
Pacific Beach,2020,75 to 79,832,,,
Pacific Beach,2020,80 to 84,588,,,
Pacific Beach,2020,85 and Older,732,,,
Pacific Highlands Ranch,2020,Under 5,837,,,
Pacific Highlands Ranch,2020,5 to 9,1076,,,
Pacific Highlands Ranch,2020,10 to 14,1426,,,
Pacific Highlands Ranch,2020,15 to 17,907,,,
Pacific Highlands Ranch,2020,18 and 19,413,,,
Pacific Highlands Ranch,2020,20 to 24,584,,,
Pacific Highlands Ranch,2020,25 to 29,402,,,
Pacific Highlands Ranch,2020,30 to 34,543,,,
Pacific Highlands Ranch,2020,35 to 39,863,,,
Pacific Highlands Ranch,2020,40 to 44,1172,,,
Pacific Highlands Ranch,2020,45 to 49,1374,,,
Pacific Highlands Ranch,2020,50 to 54,1126,,,
Pacific Highlands Ranch,2020,55 to 59,737,,,
Pacific Highlands Ranch,2020,60 and 61,208,,,
Pacific Highlands Ranch,2020,62 to 64,277,,,
Pacific Highlands Ranch,2020,65 to 69,326,,,
Pacific Highlands Ranch,2020,70 to 74,265,,,
Pacific Highlands Ranch,2020,75 to 79,202,,,
Pacific Highlands Ranch,2020,80 to 84,111,,,
Pacific Highlands Ranch,2020,85 and Older,97,,,
Pala-Pauma,2020,Under 5,319,,,
Pala-Pauma,2020,5 to 9,369,,,
Pala-Pauma,2020,10 to 14,471,,,
Pala-Pauma,2020,15 to 17,245,,,
Pala-Pauma,2020,18 and 19,160,,,
Pala-Pauma,2020,20 to 24,253,,,
Pala-Pauma,2020,25 to 29,297,,,
Pala-Pauma,2020,30 to 34,364,,,
Pala-Pauma,2020,35 to 39,361,,,
Pala-Pauma,2020,40 to 44,284,,,
Pala-Pauma,2020,45 to 49,249,,,
Pala-Pauma,2020,50 to 54,295,,,
Pala-Pauma,2020,55 to 59,349,,,
Pala-Pauma,2020,60 and 61,182,,,
Pala-Pauma,2020,62 to 64,197,,,
Pala-Pauma,2020,65 to 69,354,,,
Pala-Pauma,2020,70 to 74,290,,,
Pala-Pauma,2020,75 to 79,138,,,
Pala-Pauma,2020,80 to 84,123,,,
Pala-Pauma,2020,85 and Older,93,,,
Pendleton-De Luz,2020,Under 5,3293,,,
Pendleton-De Luz,2020,5 to 9,1884,,,
Pendleton-De Luz,2020,10 to 14,1189,,,
Pendleton-De Luz,2020,15 to 17,411,,,
Pendleton-De Luz,2020,18 and 19,3997,,,
Pendleton-De Luz,2020,20 to 24,18187,,,
Pendleton-De Luz,2020,25 to 29,4774,,,
Pendleton-De Luz,2020,30 to 34,2069,,,
Pendleton-De Luz,2020,35 to 39,1254,,,
Pendleton-De Luz,2020,40 to 44,544,,,
Pendleton-De Luz,2020,45 to 49,327,,,
Pendleton-De Luz,2020,50 to 54,228,,,
Pendleton-De Luz,2020,55 to 59,160,,,
Pendleton-De Luz,2020,60 and 61,72,,,
Pendleton-De Luz,2020,62 to 64,86,,,
Pendleton-De Luz,2020,65 to 69,114,,,
Pendleton-De Luz,2020,70 to 74,106,,,
Pendleton-De Luz,2020,75 to 79,72,,,
Pendleton-De Luz,2020,80 to 84,37,,,
Pendleton-De Luz,2020,85 and Older,59,,,
Peninsula,2020,Under 5,1962,,,
Peninsula,2020,5 to 9,1998,,,
Peninsula,2020,10 to 14,1898,,,
Peninsula,2020,15 to 17,1136,,,
Peninsula,2020,18 and 19,1570,,,
Peninsula,2020,20 to 24,3504,,,
Peninsula,2020,25 to 29,3198,,,
Peninsula,2020,30 to 34,3013,,,
Peninsula,2020,35 to 39,2924,,,
Peninsula,2020,40 to 44,2695,,,
Peninsula,2020,45 to 49,2449,,,
Peninsula,2020,50 to 54,2331,,,
Peninsula,2020,55 to 59,2419,,,
Peninsula,2020,60 and 61,1021,,,
Peninsula,2020,62 to 64,1470,,,
Peninsula,2020,65 to 69,2309,,,
Peninsula,2020,70 to 74,2066,,,
Peninsula,2020,75 to 79,1270,,,
Peninsula,2020,80 to 84,793,,,
Peninsula,2020,85 and Older,912,,,
Rainbow,2020,Under 5,96,,,
Rainbow,2020,5 to 9,101,,,
Rainbow,2020,10 to 14,114,,,
Rainbow,2020,15 to 17,86,,,
Rainbow,2020,18 and 19,38,,,
Rainbow,2020,20 to 24,121,,,
Rainbow,2020,25 to 29,123,,,
Rainbow,2020,30 to 34,120,,,
Rainbow,2020,35 to 39,130,,,
Rainbow,2020,40 to 44,119,,,
Rainbow,2020,45 to 49,124,,,
Rainbow,2020,50 to 54,134,,,
Rainbow,2020,55 to 59,116,,,
Rainbow,2020,60 and 61,68,,,
Rainbow,2020,62 to 64,100,,,
Rainbow,2020,65 to 69,169,,,
Rainbow,2020,70 to 74,139,,,
Rainbow,2020,75 to 79,98,,,
Rainbow,2020,80 to 84,71,,,
Rainbow,2020,85 and Older,51,,,
Ramona,2020,Under 5,2038,,,
Ramona,2020,5 to 9,2307,,,
Ramona,2020,10 to 14,2593,,,
Ramona,2020,15 to 17,1593,,,
Ramona,2020,18 and 19,893,,,
Ramona,2020,20 to 24,2070,,,
Ramona,2020,25 to 29,2055,,,
Ramona,2020,30 to 34,2268,,,
Ramona,2020,35 to 39,2466,,,
Ramona,2020,40 to 44,2235,,,
Ramona,2020,45 to 49,2218,,,
Ramona,2020,50 to 54,2479,,,
Ramona,2020,55 to 59,2947,,,
Ramona,2020,60 and 61,1257,,,
Ramona,2020,62 to 64,1699,,,
Ramona,2020,65 to 69,2347,,,
Ramona,2020,70 to 74,1811,,,
Ramona,2020,75 to 79,1084,,,
Ramona,2020,80 to 84,562,,,
Ramona,2020,85 and Older,544,,,
Rancho Bernardo,2020,Under 5,1816,,,
Rancho Bernardo,2020,5 to 9,2226,,,
Rancho Bernardo,2020,10 to 14,2414,,,
Rancho Bernardo,2020,15 to 17,1409,,,
Rancho Bernardo,2020,18 and 19,755,,,
Rancho Bernardo,2020,20 to 24,1591,,,
Rancho Bernardo,2020,25 to 29,1785,,,
Rancho Bernardo,2020,30 to 34,2284,,,
Rancho Bernardo,2020,35 to 39,2709,,,
Rancho Bernardo,2020,40 to 44,2609,,,
Rancho Bernardo,2020,45 to 49,2527,,,
Rancho Bernardo,2020,50 to 54,2467,,,
Rancho Bernardo,2020,55 to 59,2785,,,
Rancho Bernardo,2020,60 and 61,1096,,,
Rancho Bernardo,2020,62 to 64,1645,,,
Rancho Bernardo,2020,65 to 69,2807,,,
Rancho Bernardo,2020,70 to 74,2743,,,
Rancho Bernardo,2020,75 to 79,2154,,,
Rancho Bernardo,2020,80 to 84,1572,,,
Rancho Bernardo,2020,85 and Older,1912,,,
Rancho Encantada,2020,Under 5,132,,,
Rancho Encantada,2020,5 to 9,284,,,
Rancho Encantada,2020,10 to 14,397,,,
Rancho Encantada,2020,15 to 17,243,,,
Rancho Encantada,2020,18 and 19,103,,,
Rancho Encantada,2020,20 to 24,195,,,
Rancho Encantada,2020,25 to 29,106,,,
Rancho Encantada,2020,30 to 34,94,,,
Rancho Encantada,2020,35 to 39,152,,,
Rancho Encantada,2020,40 to 44,261,,,
Rancho Encantada,2020,45 to 49,378,,,
Rancho Encantada,2020,50 to 54,314,,,
Rancho Encantada,2020,55 to 59,247,,,
Rancho Encantada,2020,60 and 61,89,,,
Rancho Encantada,2020,62 to 64,79,,,
Rancho Encantada,2020,65 to 69,141,,,
Rancho Encantada,2020,70 to 74,87,,,
Rancho Encantada,2020,75 to 79,44,,,
Rancho Encantada,2020,80 to 84,29,,,
Rancho Encantada,2020,85 and Older,26,,,
Rancho Penasquitos,2020,Under 5,2296,,,
Rancho Penasquitos,2020,5 to 9,2819,,,
Rancho Penasquitos,2020,10 to 14,3065,,,
Rancho Penasquitos,2020,15 to 17,1894,,,
Rancho Penasquitos,2020,18 and 19,1115,,,
Rancho Penasquitos,2020,20 to 24,2492,,,
Rancho Penasquitos,2020,25 to 29,2075,,,
Rancho Penasquitos,2020,30 to 34,2271,,,
Rancho Penasquitos,2020,35 to 39,3134,,,
Rancho Penasquitos,2020,40 to 44,3095,,,
Rancho Penasquitos,2020,45 to 49,3084,,,
Rancho Penasquitos,2020,50 to 54,3164,,,
Rancho Penasquitos,2020,55 to 59,3253,,,
Rancho Penasquitos,2020,60 and 61,1266,,,
Rancho Penasquitos,2020,62 to 64,1877,,,
Rancho Penasquitos,2020,65 to 69,2709,,,
Rancho Penasquitos,2020,70 to 74,2001,,,
Rancho Penasquitos,2020,75 to 79,1084,,,
Rancho Penasquitos,2020,80 to 84,582,,,
Rancho Penasquitos,2020,85 and Older,583,,,
Sabre Springs,2020,Under 5,619,,,
Sabre Springs,2020,5 to 9,696,,,
Sabre Springs,2020,10 to 14,758,,,
Sabre Springs,2020,15 to 17,402,,,
Sabre Springs,2020,18 and 19,230,,,
Sabre Springs,2020,20 to 24,617,,,
Sabre Springs,2020,25 to 29,587,,,
Sabre Springs,2020,30 to 34,847,,,
Sabre Springs,2020,35 to 39,987,,,
Sabre Springs,2020,40 to 44,770,,,
Sabre Springs,2020,45 to 49,755,,,
Sabre Springs,2020,50 to 54,796,,,
Sabre Springs,2020,55 to 59,768,,,
Sabre Springs,2020,60 and 61,302,,,
Sabre Springs,2020,62 to 64,401,,,
Sabre Springs,2020,65 to 69,430,,,
Sabre Springs,2020,70 to 74,283,,,
Sabre Springs,2020,75 to 79,161,,,
Sabre Springs,2020,80 to 84,129,,,
Sabre Springs,2020,85 and Older,232,,,
San Dieguito,2020,Under 5,1688,,,
San Dieguito,2020,5 to 9,2579,,,
San Dieguito,2020,10 to 14,3375,,,
San Dieguito,2020,15 to 17,2129,,,
San Dieguito,2020,18 and 19,1036,,,
San Dieguito,2020,20 to 24,1755,,,
San Dieguito,2020,25 to 29,1077,,,
San Dieguito,2020,30 to 34,1389,,,
San Dieguito,2020,35 to 39,2054,,,
San Dieguito,2020,40 to 44,2682,,,
San Dieguito,2020,45 to 49,3330,,,
San Dieguito,2020,50 to 54,2903,,,
San Dieguito,2020,55 to 59,2601,,,
San Dieguito,2020,60 and 61,1022,,,
San Dieguito,2020,62 to 64,1301,,,
San Dieguito,2020,65 to 69,1985,,,
San Dieguito,2020,70 to 74,1648,,,
San Dieguito,2020,75 to 79,1044,,,
San Dieguito,2020,80 to 84,593,,,
San Dieguito,2020,85 and Older,500,,,
San Pasqual,2020,Under 5,19,,,
San Pasqual,2020,5 to 9,22,,,
San Pasqual,2020,10 to 14,19,,,
San Pasqual,2020,15 to 17,11,,,
San Pasqual,2020,18 and 19,8,,,
San Pasqual,2020,20 to 24,23,,,
San Pasqual,2020,25 to 29,14,,,
San Pasqual,2020,30 to 34,17,,,
San Pasqual,2020,35 to 39,10,,,
San Pasqual,2020,40 to 44,14,,,
San Pasqual,2020,45 to 49,12,,,
San Pasqual,2020,50 to 54,13,,,
San Pasqual,2020,55 to 59,9,,,
San Pasqual,2020,60 and 61,7,,,
San Pasqual,2020,62 to 64,3,,,
San Pasqual,2020,65 to 69,3,,,
San Pasqual,2020,70 to 74,3,,,
San Pasqual,2020,75 to 79,2,,,
San Pasqual,2020,80 to 84,1,,,
San Pasqual,2020,85 and Older,0,,,
San Ysidro,2020,Under 5,1690,,,
San Ysidro,2020,5 to 9,1970,,,
San Ysidro,2020,10 to 14,2310,,,
San Ysidro,2020,15 to 17,1499,,,
San Ysidro,2020,18 and 19,953,,,
San Ysidro,2020,20 to 24,2307,,,
San Ysidro,2020,25 to 29,2157,,,
San Ysidro,2020,30 to 34,1963,,,
San Ysidro,2020,35 to 39,1782,,,
San Ysidro,2020,40 to 44,1593,,,
San Ysidro,2020,45 to 49,1611,,,
San Ysidro,2020,50 to 54,1782,,,
San Ysidro,2020,55 to 59,1775,,,
San Ysidro,2020,60 and 61,650,,,
San Ysidro,2020,62 to 64,927,,,
San Ysidro,2020,65 to 69,1190,,,
San Ysidro,2020,70 to 74,826,,,
San Ysidro,2020,75 to 79,537,,,
San Ysidro,2020,80 to 84,390,,,
San Ysidro,2020,85 and Older,403,,,
Scripps Miramar Ranch,2020,Under 5,965,,,
Scripps Miramar Ranch,2020,5 to 9,1346,,,
Scripps Miramar Ranch,2020,10 to 14,1423,,,
Scripps Miramar Ranch,2020,15 to 17,918,,,
Scripps Miramar Ranch,2020,18 and 19,435,,,
Scripps Miramar Ranch,2020,20 to 24,1031,,,
Scripps Miramar Ranch,2020,25 to 29,821,,,
Scripps Miramar Ranch,2020,30 to 34,934,,,
Scripps Miramar Ranch,2020,35 to 39,1290,,,
Scripps Miramar Ranch,2020,40 to 44,1413,,,
Scripps Miramar Ranch,2020,45 to 49,1441,,,
Scripps Miramar Ranch,2020,50 to 54,1424,,,
Scripps Miramar Ranch,2020,55 to 59,1525,,,
Scripps Miramar Ranch,2020,60 and 61,567,,,
Scripps Miramar Ranch,2020,62 to 64,788,,,
Scripps Miramar Ranch,2020,65 to 69,1193,,,
Scripps Miramar Ranch,2020,70 to 74,1192,,,
Scripps Miramar Ranch,2020,75 to 79,750,,,
Scripps Miramar Ranch,2020,80 to 84,378,,,
Scripps Miramar Ranch,2020,85 and Older,279,,,
Scripps Reserve,2020,Under 5,0,,,
Scripps Reserve,2020,5 to 9,0,,,
Scripps Reserve,2020,10 to 14,0,,,
Scripps Reserve,2020,15 to 17,0,,,
Scripps Reserve,2020,18 and 19,0,,,
Scripps Reserve,2020,20 to 24,0,,,
Scripps Reserve,2020,25 to 29,0,,,
Scripps Reserve,2020,30 to 34,0,,,
Scripps Reserve,2020,35 to 39,0,,,
Scripps Reserve,2020,40 to 44,0,,,
Scripps Reserve,2020,45 to 49,0,,,
Scripps Reserve,2020,50 to 54,0,,,
Scripps Reserve,2020,55 to 59,0,,,
Scripps Reserve,2020,60 and 61,0,,,
Scripps Reserve,2020,62 to 64,0,,,
Scripps Reserve,2020,65 to 69,0,,,
Scripps Reserve,2020,70 to 74,0,,,
Scripps Reserve,2020,75 to 79,0,,,
Scripps Reserve,2020,80 to 84,0,,,
Scripps Reserve,2020,85 and Older,0,,,
Serra Mesa,2020,Under 5,1672,,,
Serra Mesa,2020,5 to 9,1318,,,
Serra Mesa,2020,10 to 14,1175,,,
Serra Mesa,2020,15 to 17,634,,,
Serra Mesa,2020,18 and 19,448,,,
Serra Mesa,2020,20 to 24,1801,,,
Serra Mesa,2020,25 to 29,2449,,,
Serra Mesa,2020,30 to 34,2105,,,
Serra Mesa,2020,35 to 39,1868,,,
Serra Mesa,2020,40 to 44,1348,,,
Serra Mesa,2020,45 to 49,1216,,,
Serra Mesa,2020,50 to 54,1124,,,
Serra Mesa,2020,55 to 59,1196,,,
Serra Mesa,2020,60 and 61,526,,,
Serra Mesa,2020,62 to 64,718,,,
Serra Mesa,2020,65 to 69,1011,,,
Serra Mesa,2020,70 to 74,757,,,
Serra Mesa,2020,75 to 79,514,,,
Serra Mesa,2020,80 to 84,423,,,
Serra Mesa,2020,85 and Older,518,,,
Skyline-Paradise Hills,2020,Under 5,3615,,,
Skyline-Paradise Hills,2020,5 to 9,4190,,,
Skyline-Paradise Hills,2020,10 to 14,4435,,,
Skyline-Paradise Hills,2020,15 to 17,2745,,,
Skyline-Paradise Hills,2020,18 and 19,1772,,,
Skyline-Paradise Hills,2020,20 to 24,4774,,,
Skyline-Paradise Hills,2020,25 to 29,5111,,,
Skyline-Paradise Hills,2020,30 to 34,5006,,,
Skyline-Paradise Hills,2020,35 to 39,4564,,,
Skyline-Paradise Hills,2020,40 to 44,4032,,,
Skyline-Paradise Hills,2020,45 to 49,3786,,,
Skyline-Paradise Hills,2020,50 to 54,4000,,,
Skyline-Paradise Hills,2020,55 to 59,4347,,,
Skyline-Paradise Hills,2020,60 and 61,1832,,,
Skyline-Paradise Hills,2020,62 to 64,2558,,,
Skyline-Paradise Hills,2020,65 to 69,3816,,,
Skyline-Paradise Hills,2020,70 to 74,2839,,,
Skyline-Paradise Hills,2020,75 to 79,1672,,,
Skyline-Paradise Hills,2020,80 to 84,1160,,,
Skyline-Paradise Hills,2020,85 and Older,1078,,,
Southeastern:Encanto Neighborhoods,2020,Under 5,2776,,,
Southeastern:Encanto Neighborhoods,2020,5 to 9,3213,,,
Southeastern:Encanto Neighborhoods,2020,10 to 14,3776,,,
Southeastern:Encanto Neighborhoods,2020,15 to 17,2257,,,
Southeastern:Encanto Neighborhoods,2020,18 and 19,1442,,,
Southeastern:Encanto Neighborhoods,2020,20 to 24,3714,,,
Southeastern:Encanto Neighborhoods,2020,25 to 29,3797,,,
Southeastern:Encanto Neighborhoods,2020,30 to 34,3513,,,
Southeastern:Encanto Neighborhoods,2020,35 to 39,3161,,,
Southeastern:Encanto Neighborhoods,2020,40 to 44,2974,,,
Southeastern:Encanto Neighborhoods,2020,45 to 49,2873,,,
Southeastern:Encanto Neighborhoods,2020,50 to 54,2952,,,
Southeastern:Encanto Neighborhoods,2020,55 to 59,2961,,,
Southeastern:Encanto Neighborhoods,2020,60 and 61,1105,,,
Southeastern:Encanto Neighborhoods,2020,62 to 64,1601,,,
Southeastern:Encanto Neighborhoods,2020,65 to 69,2271,,,
Southeastern:Encanto Neighborhoods,2020,70 to 74,1549,,,
Southeastern:Encanto Neighborhoods,2020,75 to 79,990,,,
Southeastern:Encanto Neighborhoods,2020,80 to 84,741,,,
Southeastern:Encanto Neighborhoods,2020,85 and Older,632,,,
Southeastern:Southeastern San Diego,2020,Under 5,3577,,,
Southeastern:Southeastern San Diego,2020,5 to 9,4068,,,
Southeastern:Southeastern San Diego,2020,10 to 14,4474,,,
Southeastern:Southeastern San Diego,2020,15 to 17,2558,,,
Southeastern:Southeastern San Diego,2020,18 and 19,1688,,,
Southeastern:Southeastern San Diego,2020,20 to 24,4416,,,
Southeastern:Southeastern San Diego,2020,25 to 29,4837,,,
Southeastern:Southeastern San Diego,2020,30 to 34,4301,,,
Southeastern:Southeastern San Diego,2020,35 to 39,3854,,,
Southeastern:Southeastern San Diego,2020,40 to 44,3540,,,
Southeastern:Southeastern San Diego,2020,45 to 49,3359,,,
Southeastern:Southeastern San Diego,2020,50 to 54,3258,,,
Southeastern:Southeastern San Diego,2020,55 to 59,2878,,,
Southeastern:Southeastern San Diego,2020,60 and 61,1027,,,
Southeastern:Southeastern San Diego,2020,62 to 64,1314,,,
Southeastern:Southeastern San Diego,2020,65 to 69,1770,,,
Southeastern:Southeastern San Diego,2020,70 to 74,1241,,,
Southeastern:Southeastern San Diego,2020,75 to 79,720,,,
Southeastern:Southeastern San Diego,2020,80 to 84,507,,,
Southeastern:Southeastern San Diego,2020,85 and Older,532,,,
Spring Valley,2020,Under 5,3951,,,
Spring Valley,2020,5 to 9,4286,,,
Spring Valley,2020,10 to 14,4886,,,
Spring Valley,2020,15 to 17,2841,,,
Spring Valley,2020,18 and 19,1740,,,
Spring Valley,2020,20 to 24,4468,,,
Spring Valley,2020,25 to 29,4633,,,
Spring Valley,2020,30 to 34,4706,,,
Spring Valley,2020,35 to 39,4601,,,
Spring Valley,2020,40 to 44,4219,,,
Spring Valley,2020,45 to 49,3908,,,
Spring Valley,2020,50 to 54,4039,,,
Spring Valley,2020,55 to 59,4171,,,
Spring Valley,2020,60 and 61,1682,,,
Spring Valley,2020,62 to 64,2344,,,
Spring Valley,2020,65 to 69,3240,,,
Spring Valley,2020,70 to 74,2461,,,
Spring Valley,2020,75 to 79,1593,,,
Spring Valley,2020,80 to 84,1037,,,
Spring Valley,2020,85 and Older,1024,,,
Sweetwater,2020,Under 5,634,,,
Sweetwater,2020,5 to 9,724,,,
Sweetwater,2020,10 to 14,897,,,
Sweetwater,2020,15 to 17,489,,,
Sweetwater,2020,18 and 19,327,,,
Sweetwater,2020,20 to 24,811,,,
Sweetwater,2020,25 to 29,785,,,
Sweetwater,2020,30 to 34,704,,,
Sweetwater,2020,35 to 39,829,,,
Sweetwater,2020,40 to 44,814,,,
Sweetwater,2020,45 to 49,781,,,
Sweetwater,2020,50 to 54,809,,,
Sweetwater,2020,55 to 59,921,,,
Sweetwater,2020,60 and 61,351,,,
Sweetwater,2020,62 to 64,591,,,
Sweetwater,2020,65 to 69,864,,,
Sweetwater,2020,70 to 74,813,,,
Sweetwater,2020,75 to 79,545,,,
Sweetwater,2020,80 to 84,385,,,
Sweetwater,2020,85 and Older,417,,,
Tierrasanta,2020,Under 5,2632,,,
Tierrasanta,2020,5 to 9,2610,,,
Tierrasanta,2020,10 to 14,2148,,,
Tierrasanta,2020,15 to 17,891,,,
Tierrasanta,2020,18 and 19,530,,,
Tierrasanta,2020,20 to 24,1968,,,
Tierrasanta,2020,25 to 29,2855,,,
Tierrasanta,2020,30 to 34,2913,,,
Tierrasanta,2020,35 to 39,2567,,,
Tierrasanta,2020,40 to 44,1856,,,
Tierrasanta,2020,45 to 49,1482,,,
Tierrasanta,2020,50 to 54,1370,,,
Tierrasanta,2020,55 to 59,1387,,,
Tierrasanta,2020,60 and 61,585,,,
Tierrasanta,2020,62 to 64,836,,,
Tierrasanta,2020,65 to 69,1235,,,
Tierrasanta,2020,70 to 74,1246,,,
Tierrasanta,2020,75 to 79,730,,,
Tierrasanta,2020,80 to 84,397,,,
Tierrasanta,2020,85 and Older,339,,,
Tijuana River Valley,2020,Under 5,11,,,
Tijuana River Valley,2020,5 to 9,8,,,
Tijuana River Valley,2020,10 to 14,15,,,
Tijuana River Valley,2020,15 to 17,5,,,
Tijuana River Valley,2020,18 and 19,4,,,
Tijuana River Valley,2020,20 to 24,11,,,
Tijuana River Valley,2020,25 to 29,9,,,
Tijuana River Valley,2020,30 to 34,4,,,
Tijuana River Valley,2020,35 to 39,4,,,
Tijuana River Valley,2020,40 to 44,7,,,
Tijuana River Valley,2020,45 to 49,6,,,
Tijuana River Valley,2020,50 to 54,4,,,
Tijuana River Valley,2020,55 to 59,1,,,
Tijuana River Valley,2020,60 and 61,0,,,
Tijuana River Valley,2020,62 to 64,6,,,
Tijuana River Valley,2020,65 to 69,5,,,
Tijuana River Valley,2020,70 to 74,8,,,
Tijuana River Valley,2020,75 to 79,1,,,
Tijuana River Valley,2020,80 to 84,5,,,
Tijuana River Valley,2020,85 and Older,3,,,
Torrey Highlands,2020,Under 5,401,,,
Torrey Highlands,2020,5 to 9,604,,,
Torrey Highlands,2020,10 to 14,804,,,
Torrey Highlands,2020,15 to 17,498,,,
Torrey Highlands,2020,18 and 19,271,,,
Torrey Highlands,2020,20 to 24,425,,,
Torrey Highlands,2020,25 to 29,298,,,
Torrey Highlands,2020,30 to 34,317,,,
Torrey Highlands,2020,35 to 39,482,,,
Torrey Highlands,2020,40 to 44,640,,,
Torrey Highlands,2020,45 to 49,901,,,
Torrey Highlands,2020,50 to 54,737,,,
Torrey Highlands,2020,55 to 59,567,,,
Torrey Highlands,2020,60 and 61,225,,,
Torrey Highlands,2020,62 to 64,162,,,
Torrey Highlands,2020,65 to 69,252,,,
Torrey Highlands,2020,70 to 74,196,,,
Torrey Highlands,2020,75 to 79,129,,,
Torrey Highlands,2020,80 to 84,92,,,
Torrey Highlands,2020,85 and Older,50,,,
Torrey Hills,2020,Under 5,367,,,
Torrey Hills,2020,5 to 9,530,,,
Torrey Hills,2020,10 to 14,607,,,
Torrey Hills,2020,15 to 17,291,,,
Torrey Hills,2020,18 and 19,176,,,
Torrey Hills,2020,20 to 24,474,,,
Torrey Hills,2020,25 to 29,520,,,
Torrey Hills,2020,30 to 34,588,,,
Torrey Hills,2020,35 to 39,623,,,
Torrey Hills,2020,40 to 44,632,,,
Torrey Hills,2020,45 to 49,683,,,
Torrey Hills,2020,50 to 54,651,,,
Torrey Hills,2020,55 to 59,557,,,
Torrey Hills,2020,60 and 61,172,,,
Torrey Hills,2020,62 to 64,165,,,
Torrey Hills,2020,65 to 69,174,,,
Torrey Hills,2020,70 to 74,149,,,
Torrey Hills,2020,75 to 79,67,,,
Torrey Hills,2020,80 to 84,53,,,
Torrey Hills,2020,85 and Older,39,,,
Torrey Pines,2020,Under 5,225,,,
Torrey Pines,2020,5 to 9,330,,,
Torrey Pines,2020,10 to 14,409,,,
Torrey Pines,2020,15 to 17,262,,,
Torrey Pines,2020,18 and 19,149,,,
Torrey Pines,2020,20 to 24,290,,,
Torrey Pines,2020,25 to 29,268,,,
Torrey Pines,2020,30 to 34,306,,,
Torrey Pines,2020,35 to 39,288,,,
Torrey Pines,2020,40 to 44,389,,,
Torrey Pines,2020,45 to 49,476,,,
Torrey Pines,2020,50 to 54,564,,,
Torrey Pines,2020,55 to 59,539,,,
Torrey Pines,2020,60 and 61,224,,,
Torrey Pines,2020,62 to 64,347,,,
Torrey Pines,2020,65 to 69,460,,,
Torrey Pines,2020,70 to 74,462,,,
Torrey Pines,2020,75 to 79,407,,,
Torrey Pines,2020,80 to 84,231,,,
Torrey Pines,2020,85 and Older,178,,,
University,2020,Under 5,2625,,,
University,2020,5 to 9,2062,,,
University,2020,10 to 14,1730,,,
University,2020,15 to 17,1020,,,
University,2020,18 and 19,7566,,,
University,2020,20 to 24,15464,,,
University,2020,25 to 29,8005,,,
University,2020,30 to 34,5882,,,
University,2020,35 to 39,4154,,,
University,2020,40 to 44,2935,,,
University,2020,45 to 49,2442,,,
University,2020,50 to 54,2339,,,
University,2020,55 to 59,2259,,,
University,2020,60 and 61,905,,,
University,2020,62 to 64,1369,,,
University,2020,65 to 69,1979,,,
University,2020,70 to 74,1908,,,
University,2020,75 to 79,1416,,,
University,2020,80 to 84,1115,,,
University,2020,85 and Older,1432,,,
Uptown,2020,Under 5,1164,,,
Uptown,2020,5 to 9,884,,,
Uptown,2020,10 to 14,854,,,
Uptown,2020,15 to 17,528,,,
Uptown,2020,18 and 19,270,,,
Uptown,2020,20 to 24,1590,,,
Uptown,2020,25 to 29,4322,,,
Uptown,2020,30 to 34,5081,,,
Uptown,2020,35 to 39,4163,,,
Uptown,2020,40 to 44,2979,,,
Uptown,2020,45 to 49,2521,,,
Uptown,2020,50 to 54,2529,,,
Uptown,2020,55 to 59,2654,,,
Uptown,2020,60 and 61,904,,,
Uptown,2020,62 to 64,1394,,,
Uptown,2020,65 to 69,2205,,,
Uptown,2020,70 to 74,2109,,,
Uptown,2020,75 to 79,1448,,,
Uptown,2020,80 to 84,756,,,
Uptown,2020,85 and Older,936,,,
Valle De Oro,2020,Under 5,2045,,,
Valle De Oro,2020,5 to 9,2324,,,
Valle De Oro,2020,10 to 14,2659,,,
Valle De Oro,2020,15 to 17,1590,,,
Valle De Oro,2020,18 and 19,1021,,,
Valle De Oro,2020,20 to 24,2538,,,
Valle De Oro,2020,25 to 29,2354,,,
Valle De Oro,2020,30 to 34,2357,,,
Valle De Oro,2020,35 to 39,2633,,,
Valle De Oro,2020,40 to 44,2401,,,
Valle De Oro,2020,45 to 49,2478,,,
Valle De Oro,2020,50 to 54,2785,,,
Valle De Oro,2020,55 to 59,3126,,,
Valle De Oro,2020,60 and 61,1338,,,
Valle De Oro,2020,62 to 64,1942,,,
Valle De Oro,2020,65 to 69,2859,,,
Valle De Oro,2020,70 to 74,2448,,,
Valle De Oro,2020,75 to 79,1508,,,
Valle De Oro,2020,80 to 84,973,,,
Valle De Oro,2020,85 and Older,1204,,,
Valley Center,2020,Under 5,1053,,,
Valley Center,2020,5 to 9,1297,,,
Valley Center,2020,10 to 14,1452,,,
Valley Center,2020,15 to 17,906,,,
Valley Center,2020,18 and 19,536,,,
Valley Center,2020,20 to 24,1172,,,
Valley Center,2020,25 to 29,1174,,,
Valley Center,2020,30 to 34,1152,,,
Valley Center,2020,35 to 39,1275,,,
Valley Center,2020,40 to 44,1197,,,
Valley Center,2020,45 to 49,1244,,,
Valley Center,2020,50 to 54,1449,,,
Valley Center,2020,55 to 59,1719,,,
Valley Center,2020,60 and 61,757,,,
Valley Center,2020,62 to 64,1023,,,
Valley Center,2020,65 to 69,1578,,,
Valley Center,2020,70 to 74,1299,,,
Valley Center,2020,75 to 79,773,,,
Valley Center,2020,80 to 84,442,,,
Valley Center,2020,85 and Older,455,,,
Via De La Valle,2020,Under 5,16,,,
Via De La Valle,2020,5 to 9,15,,,
Via De La Valle,2020,10 to 14,26,,,
Via De La Valle,2020,15 to 17,19,,,
Via De La Valle,2020,18 and 19,4,,,
Via De La Valle,2020,20 to 24,20,,,
Via De La Valle,2020,25 to 29,11,,,
Via De La Valle,2020,30 to 34,11,,,
Via De La Valle,2020,35 to 39,21,,,
Via De La Valle,2020,40 to 44,18,,,
Via De La Valle,2020,45 to 49,30,,,
Via De La Valle,2020,50 to 54,32,,,
Via De La Valle,2020,55 to 59,42,,,
Via De La Valle,2020,60 and 61,16,,,
Via De La Valle,2020,62 to 64,22,,,
Via De La Valle,2020,65 to 69,35,,,
Via De La Valle,2020,70 to 74,60,,,
Via De La Valle,2020,75 to 79,31,,,
Via De La Valle,2020,80 to 84,23,,,
Via De La Valle,2020,85 and Older,24,,,